YEAR,MO,DY,ALLSKY_SFC_SW_DWN,T2M,RH2M,WS10M,PRECTOTCORR
2020,12,31,3.96,24.61,85.05,5.54,3.65
2021,1,1,4.36,23.66,80.7,4.6,0.81
2021,1,2,1.94,24.05,85.8,5.27,8.12
2021,1,3,3.14,24.61,84.67,4.97,2.08
2021,1,4,4.05,24.93,84.78,4.55,8.29
2021,1,5,0.94,24.85,92.6,3.7,49.85
2021,1,6,3.41,25.04,93.15,3.46,40.12
2021,1,7,3.35,25.12,89.82,3.72,5.7
2021,1,8,2.42,25.43,88.69,3.77,2.18
2021,1,9,4.44,25.18,86.05,3.81,0.3
2021,1,10,3.96,25.21,86.9,4.28,0.79
2021,1,11,4.37,25.26,88.24,4.53,1.1
2021,1,12,4.35,25.31,84.98,5.05,0.72
2021,1,13,4.41,25.21,82.87,4.46,0.23
2021,1,14,4.46,24.91,83.99,4.35,1.36
2021,1,15,5.18,24.54,81.17,3.96,0.16
2021,1,16,5.33,23.98,76.56,3.05,0
2021,1,17,5.47,23.77,76.78,3.47,0
2021,1,18,5.12,24.03,74.98,4.14,0
2021,1,19,5.22,23.99,77.33,3.87,0
2021,1,20,3.68,24.47,81.58,3.57,0.01
2021,1,21,5.3,25.46,83.88,2.34,0
2021,1,22,4.88,25.33,84.5,2.63,0
2021,1,23,5.02,24.61,81.15,2.66,0
2021,1,24,5.14,24.41,74.19,2.09,0
2021,1,25,5.23,24.55,71.81,2.19,0
2021,1,26,5.55,24.14,72.46,2.68,0
2021,1,27,4.78,24.1,75.69,2.23,0.02
2021,1,28,4.93,24.31,78.7,3.74,0.03
2021,1,29,5.2,24.56,75.09,3.88,0.09
2021,1,30,5.12,24.49,77.96,3.39,0
2021,1,31,5.4,24.29,81.14,3.93,0
2021,2,1,5.54,24.37,78.76,4.45,0
2021,2,2,4.84,24.53,79.32,4.16,0.34
2021,2,3,5.62,24.29,74.34,4.37,0.2
2021,2,4,5.8,23.75,71.75,4.04,0
2021,2,5,5.41,23.31,74.17,3.97,0
2021,2,6,5.81,23.33,73.86,3.97,0
2021,2,7,5.9,23.23,74.93,4.5,0
2021,2,8,5.73,23.78,73.74,5.09,0
2021,2,9,5.46,23.41,73.06,4.33,0
2021,2,10,5.7,22.96,73.07,3.1,0
2021,2,11,5.93,23.05,71.29,2.86,0
2021,2,12,6.19,23.28,70.24,2.6,0
2021,2,13,6.34,23.5,71.32,2.75,0
2021,2,14,6.12,23.24,72.04,2.17,0
2021,2,15,5.97,23.68,71.58,2.5,0
2021,2,16,6.11,23.88,74.22,2.2,0
2021,2,17,5.94,24.38,74.76,3,0
2021,2,18,5.72,24.42,74.63,4.18,0
2021,2,19,4.15,25.13,77.02,4.35,2.22
2021,2,20,4.72,25.38,82.76,5.76,4.31
2021,2,21,3.72,25.14,83.59,5.32,16.57
2021,2,22,5.83,25.44,79.29,3.94,0.17
2021,2,23,5.96,25.11,78.3,3.02,0
2021,2,24,6.32,25,74.23,2.11,0
2021,2,25,6.18,25.21,70.83,2.02,0
2021,2,26,6.38,25.26,71.58,2.63,0
2021,2,27,6.22,25.35,76.26,3.08,0
2021,2,28,6.18,25.31,77.26,3.13,0
2021,3,1,6.29,26.05,75.21,3.01,0
2021,3,2,6.11,25.73,73.84,2.98,0
2021,3,3,6.54,25.52,71.13,2.76,0
2021,3,4,6.74,25.64,71.19,2.64,0
2021,3,5,6.72,25.56,71.3,2.23,0
2021,3,6,6.6,26.38,70.72,2.35,0
2021,3,7,6.78,26.48,73.74,2.57,0
2021,3,8,6.59,26.69,75.07,2.79,0
2021,3,9,6.48,26.8,75.29,2.73,0.01
2021,3,10,6.66,27.19,76.99,3.06,0
2021,3,11,7.01,27.25,73.2,3.08,0
2021,3,12,7.18,26.05,69.28,2.72,0
2021,3,13,6.82,26.75,65.68,2.68,0
2021,3,14,6.94,27.07,66.33,2.6,0
2021,3,15,6.73,27.6,66.3,2.63,0
2021,3,16,6.24,27.36,67.1,2.43,0
2021,3,17,6,27.66,68.3,2.64,0
2021,3,18,6.09,27.14,70.58,2.65,0
2021,3,19,6.48,27.39,66.81,2.62,0
2021,3,20,6.55,27.23,68.57,2.42,0
2021,3,21,5.92,27.81,65.82,2.6,0
2021,3,22,6.33,28.18,67.38,2.81,0
2021,3,23,6.4,28.05,69.18,2.75,0
2021,3,24,6.4,28.32,67.15,2.48,0
2021,3,25,6.2,28.49,67.19,2.64,0
2021,3,26,6.08,28.34,71.11,2.73,0
2021,3,27,5.91,29.16,68.84,2.46,0
2021,3,28,5.7,29.4,68.27,3.66,0.01
2021,3,29,5.11,29.75,67.09,4.04,0
2021,3,30,6,30.43,62.89,4,0
2021,3,31,6.19,31.29,64.73,5.02,0
2021,4,1,6.62,31.69,62.34,4.7,0
2021,4,2,6.7,32.34,60.03,4.33,0
2021,4,3,6.32,31.69,64.22,4.67,0
2021,4,4,6.04,31.45,64.25,3.4,0
2021,4,5,5.86,30.34,68.14,3.56,0
2021,4,6,6.21,29.56,68.6,3.55,0.01
2021,4,7,6.27,29.35,65.17,3.6,0
2021,4,8,6.16,29.06,65.42,4.42,0
2021,4,9,6.24,28.9,67.68,3.99,0
2021,4,10,6.72,29.41,67.02,3.85,0.01
2021,4,11,6.87,29.83,65.22,3.56,0.69
2021,4,12,6.89,29.77,67.39,3.35,0.58
2021,4,13,5.7,30.03,65.59,3.15,0.57
2021,4,14,4.99,29.45,70.36,3.29,11.08
2021,4,15,4.8,28.66,73.87,2.87,9.8
2021,4,16,7.07,29.59,68.16,3.2,0.46
2021,4,17,6.43,30,70.4,2.98,0
2021,4,18,6.65,30.25,70.11,3.19,0
2021,4,19,6.38,30.66,68.93,3.53,0.02
2021,4,20,6.08,30.57,70.44,3.45,0.03
2021,4,21,6.28,30.6,70.54,3.47,0.03
2021,4,22,6.31,30.39,68.68,3.84,0
2021,4,23,5.58,30.9,66.19,2.82,0.26
2021,4,24,6.07,29.6,72.84,2.56,0.91
2021,4,25,6.56,30.59,67.81,3.26,0.04
2021,4,26,6.87,30.49,68.04,3.8,0
2021,4,27,6.63,30.48,68.14,3.48,0
2021,4,28,6.5,30.79,67.24,3.59,0.01
2021,4,29,6.4,30.85,66.53,3.55,0.02
2021,4,30,6.16,31.04,66.18,3.53,0.09
2021,5,1,6.58,31.03,66.44,3.82,0.18
2021,5,2,6.7,30.57,68.32,3.28,0.77
2021,5,3,6.99,30.8,66.1,3.43,1.06
2021,5,4,6.81,31.11,63.15,3.5,1.27
2021,5,5,6.8,31.47,62.35,3.91,0.06
2021,5,6,6.49,31.32,64.2,3.98,0.07
2021,5,7,6.87,30.89,67.21,3.98,1.33
2021,5,8,6.76,30.34,67.41,2.94,0.93
2021,5,9,6.83,31.05,65.35,3.4,0.03
2021,5,10,6.94,31.66,63.83,4.22,0.04
2021,5,11,6.75,32.33,64.26,4.21,0.26
2021,5,12,5.66,32.48,64.75,4.22,0.8
2021,5,13,6.17,31.67,68.77,4.51,0.75
2021,5,14,5.69,31.8,66.72,5.14,2.04
2021,5,15,6.31,31.14,65.6,6.5,1.3
2021,5,16,4.84,30.24,69.94,6.35,3.05
2021,5,17,6.71,30.97,68.59,4.88,0.71
2021,5,18,6.86,30.82,71.57,5.27,0.31
2021,5,19,6.53,30.36,74.5,5.02,1.81
2021,5,20,6.29,30.14,72.95,3.26,4.82
2021,5,21,3.79,28.62,75.67,5.26,10.51
2021,5,22,2.29,29.41,72.53,3.33,4.07
2021,5,23,2.99,30.07,69.84,3.89,0.38
2021,5,24,2.56,29.32,70.51,4.8,3.67
2021,5,25,3.61,28.57,75.73,6.04,5.19
2021,5,26,6.05,31.53,61.47,5.18,0.06
2021,5,27,5.26,30.92,61.35,5.05,0.46
2021,5,28,6.17,31.24,61.36,3.94,0.07
2021,5,29,6.24,31.68,63.14,3.64,0.12
2021,5,30,6.43,31.89,63.15,3.66,4.67
2021,5,31,6.45,31.56,64.6,4.32,1.86
2021,6,1,6.54,31.7,65.24,3.59,0.11
2021,6,2,6.39,31.1,65.79,2.98,0.01
2021,6,3,5.98,30.49,71.1,4.03,0.04
2021,6,4,6.2,29.31,69.93,3.45,0.51
2021,6,5,6.54,29.57,71.3,2.07,12.49
2021,6,6,6.54,29.77,68.45,2.06,0.27
2021,6,7,6.3,30.41,69.79,3.25,8.54
2021,6,8,6.47,30.19,69.18,3.72,3.75
2021,6,9,6.21,30.32,68.16,3.71,4.9
2021,6,10,4.95,30.73,65.28,3.81,1.39
2021,6,11,3.44,30.16,62.14,5.32,0.07
2021,6,12,5.27,30.51,58.87,5.71,1.78
2021,6,13,4.2,29.6,62.29,5.58,0.26
2021,6,14,3.91,29.95,60.72,6.44,0.4
2021,6,15,5.49,30.54,57.15,6.78,0.26
2021,6,16,5.1,30.86,59.46,5.83,0.52
2021,6,17,5.28,31.15,58.94,5.78,0.46
2021,6,18,4.33,30.98,57.52,5.58,0.26
2021,6,19,5.46,30.36,62.02,4.59,1.83
2021,6,20,6.17,30.51,61.99,4.15,0.81
2021,6,21,6.25,30.36,62.24,3.44,0.54
2021,6,22,4.31,29.53,70.58,3.46,3.93
2021,6,23,5.16,29.63,70.11,3.87,2.72
2021,6,24,4.55,29.91,71.51,3.38,9.96
2021,6,25,5.1,30.79,63.05,3.11,0.6
2021,6,26,3.05,31.01,61.63,3.59,1.89
2021,6,27,2.64,29.12,66.84,4.26,8.9
2021,6,28,5.53,29.34,67.78,4.03,2.16
2021,6,29,6.46,29.81,70.88,5.57,0.54
2021,6,30,6.56,30.22,73.42,4.92,3.03
2021,7,1,4.28,29.44,79.59,4.02,4.58
2021,7,2,6.17,29.19,79.81,2.6,16.13
2021,7,3,5.2,28.93,81.02,2.17,9.11
2021,7,4,3.41,28.55,77.94,2.93,4.88
2021,7,5,6.69,29.33,73.9,3.03,1.7
2021,7,6,6.54,29.41,77.28,3.79,1.71
2021,7,7,5.77,29.18,77.31,3.49,1.06
2021,7,8,6.18,28.67,77.17,3.4,15.69
2021,7,9,4.48,28.63,80.28,3.56,18.56
2021,7,10,4.55,27.85,78.27,3.94,11.85
2021,7,11,3.22,27.55,76.29,4.34,3.17
2021,7,12,3.17,27.49,75.01,4.81,2.4
2021,7,13,3.4,28.35,74.71,3.89,1.38
2021,7,14,3.86,28.09,78.8,3.07,11.24
2021,7,15,5.28,28.56,76.84,4.1,7.01
2021,7,16,3.99,28.84,76.77,3.92,8.77
2021,7,17,5.15,27.61,83.03,3.34,33.34
2021,7,18,4.86,27.36,86.67,4.43,24.12
2021,7,19,6.13,28.86,76.36,4.49,10.49
2021,7,20,4.98,28.71,77.43,5.03,2.56
2021,7,21,3.26,28.68,76.66,5.08,1.63
2021,7,22,2.08,27.57,79.63,6.44,2.77
2021,7,23,5.45,28.29,77.11,5.04,0.79
2021,7,24,6.54,29.23,75.12,4.39,0.91
2021,7,25,6.33,28.76,77.89,5.09,3.91
2021,7,26,6.53,28.21,77.62,4.27,3.03
2021,7,27,5.99,28.33,76.84,5.1,1.7
2021,7,28,5.64,29.61,71.14,5.47,0.11
2021,7,29,4.79,29.4,71.61,4.85,0.25
2021,7,30,5.15,29.46,72.52,4.62,0.4
2021,7,31,5.04,29.73,70.59,4.61,4.41
2021,8,1,5.37,28.93,73.64,4.02,1.9
2021,8,2,5.84,29.41,69.89,4.69,0.66
2021,8,3,6.27,29.44,69.42,4.16,0.6
2021,8,4,5.65,29.77,70.39,4.97,0.5
2021,8,5,5.64,30.08,70.68,4.39,2.46
2021,8,6,5.82,29.7,72.35,4.79,2.42
2021,8,7,5.64,29.57,75.8,3.95,4.07
2021,8,8,6.63,29.64,76.39,3.27,3.13
2021,8,9,6.46,29.76,77.23,2.87,8.96
2021,8,10,6.48,28.37,80.01,4.31,5.9
2021,8,11,6.04,27.04,85.5,3.39,2.64
2021,8,12,2.08,27.5,83.95,3.6,3.18
2021,8,13,4.39,28.27,78.55,3.07,2.72
2021,8,14,2.94,28.63,74.76,3.99,1.83
2021,8,15,2.41,28.18,74.48,4.25,2.47
2021,8,16,2.96,28.91,71.41,3.23,3.57
2021,8,17,4.07,28.96,74.16,4.54,2.72
2021,8,18,5.11,28.86,72.53,3.69,0.18
2021,8,19,5.06,29.18,71.49,3.56,2.56
2021,8,20,4.06,28.16,75.33,3.32,3.84
2021,8,21,2.76,26.1,84.9,3.76,13.32
2021,8,22,6.46,26.74,81.52,2.73,5.64
2021,8,23,6.16,27.37,81.11,4.27,1.42
2021,8,24,6.38,28.6,77.94,4.63,4.75
2021,8,25,6.06,28.65,78.84,4.22,2.59
2021,8,26,4.55,28.7,78.3,2.48,3.66
2021,8,27,4.77,26.93,87.39,2.23,21.55
2021,8,28,3.8,27.5,80.44,3.31,16.04
2021,8,29,3.75,27.1,78.95,4.25,8.29
2021,8,30,3.27,27.7,75.72,4.38,0.44
2021,8,31,5.42,27.87,72.92,3.09,0.99
2021,9,1,3.75,27.53,80.84,1.92,1.4
2021,9,2,2.26,27.25,81.85,3.28,7.02
2021,9,3,3.49,27.14,80.63,3.89,8.8
2021,9,4,2.25,26.38,86.49,5.12,12.16
2021,9,5,3.65,28.22,78.62,3.69,7.22
2021,9,6,3.21,27.37,79.09,4.65,6.91
2021,9,7,5.46,26.66,79.28,4.62,0.43
2021,9,8,4.97,27.55,81.28,4.16,0.06
2021,9,9,6.17,28.13,78.28,4.09,0.15
2021,9,10,4.79,28.07,79.24,3.87,0.53
2021,9,11,4.46,28.14,79.05,4.56,0.06
2021,9,12,4.07,28.09,80.56,4.62,0.17
2021,9,13,5.03,28.44,77.69,5.65,0.05
2021,9,14,5.38,28.42,79.69,4.88,0.04
2021,9,15,6.07,28.82,79.57,3.33,1.77
2021,9,16,5.4,27.99,82.21,3.28,2.6
2021,9,17,5.7,27.61,85.69,2.95,1.42
2021,9,18,4.83,28.29,80.48,2.95,5.01
2021,9,19,5.9,28.44,80.78,2.85,6.04
2021,9,20,5.72,28.69,80.77,2.38,3.03
2021,9,21,5.71,28.26,81.32,3.28,4.59
2021,9,22,3.23,28.19,79.6,3.18,21.25
2021,9,23,2.31,28.25,81.59,3.06,1.37
2021,9,24,5.54,28.12,79.09,2.48,1.87
2021,9,25,5.68,28.31,82.06,2.49,7.28
2021,9,26,3.28,27.3,83.09,2.6,7.13
2021,9,27,4.36,28.63,76.31,4.64,0.08
2021,9,28,5.69,27.5,79.6,4.48,2.25
2021,9,29,5.17,28.04,75.62,2.67,1.48
2021,9,30,4.85,28.16,77.95,2.17,3.93
2021,10,1,6.38,28.04,81.28,2.28,2.28
2021,10,2,6.14,27.43,87.9,2.94,5.59
2021,10,3,6.06,27.94,82.9,1.94,4.45
2021,10,4,6.2,27.92,82.95,2.43,4.71
2021,10,5,3.44,27.14,88.45,3.12,37.11
2021,10,6,5.8,27.99,86.03,2.96,8.39
2021,10,7,5.63,27.58,85.61,3.15,3.17
2021,10,8,5.21,28.44,83.88,3.12,3.81
2021,10,9,5.18,27.3,86.85,2.04,5.3
2021,10,10,3.9,27.76,82.77,3,9.41
2021,10,11,3.13,27.07,85.11,2.19,4.31
2021,10,12,4.41,27.19,82.65,2.13,4.16
2021,10,13,5.4,28.25,79.51,2.74,6.49
2021,10,14,4.57,27.8,83.46,3.36,0.24
2021,10,15,4.89,28.15,82.88,2.23,2.84
2021,10,16,4.85,27.82,86.08,3.36,1.62
2021,10,17,4.83,28.06,86.34,2.55,3.02
2021,10,18,3.84,28.07,81.65,3.16,0.37
2021,10,19,5.02,27.66,83.27,2.53,3.3
2021,10,20,5.14,27.49,82.14,1.78,1.74
2021,10,21,5.02,27.36,83.06,1.41,1.85
2021,10,22,5.56,27.32,83.57,1.67,0.51
2021,10,23,5.09,27.19,85.22,2.07,0.54
2021,10,24,3.73,27.63,78.27,2.08,5.98
2021,10,25,4.41,26.63,84.65,3.75,0.93
2021,10,26,4.18,27.14,79.82,3.43,0.98
2021,10,27,4.54,26.86,81.23,4.13,0.75
2021,10,28,1.8,26.41,82.03,5.46,6.67
2021,10,29,3.84,26.71,86.27,3.22,25.07
2021,10,30,3.4,26.48,89.13,3.63,17.88
2021,10,31,4.24,26.97,86.98,4.23,16.09
2021,11,1,1.48,26.41,88.91,3.88,21.37
2021,11,2,1.85,26.42,86.5,3.88,23.68
2021,11,3,3.05,25.71,90.13,3.17,30.77
2021,11,4,1.91,25.87,90.86,3.66,18.47
2021,11,5,3.48,25.94,88.54,2.92,16.95
2021,11,6,3.66,26.12,89.51,2.85,49.77
2021,11,7,1.84,26.64,87.96,3.2,40.64
2021,11,8,1.27,26.05,89.87,5.45,36.4
2021,11,9,1.46,25.26,88.64,5.88,16.97
2021,11,10,1.19,24.09,92.22,8.1,84.05
2021,11,11,1.82,24.83,93.4,8.96,75.19
2021,11,12,3.68,26.11,86.87,5.79,3.63
2021,11,13,4.45,26.85,85.99,1.69,3.72
2021,11,14,4.96,26.53,87.73,2.14,4.74
2021,11,15,3.57,26.59,86.79,2.14,4.57
2021,11,16,4.67,26.83,86.29,1.91,2.4
2021,11,17,2.06,26.46,90.25,3.43,11
2021,11,18,1.23,26.52,94.08,8.82,74.21
2021,11,19,2.81,26.72,89.65,7.25,20.62
2021,11,20,3.16,26.91,89.41,5.24,16.63
2021,11,21,5.08,26.66,88.16,2.35,7.5
2021,11,22,4.28,26.3,89.74,2.88,5
2021,11,23,5.17,26.64,88.2,3.55,2.29
2021,11,24,4.53,26.34,87.86,3.81,2.87
2021,11,25,4.13,26.46,88.38,5.56,18.25
2021,11,26,1.52,26.09,90.36,6.4,58.61
2021,11,27,1.37,25.83,92.6,5.53,29.98
2021,11,28,1.89,25.53,92.82,4.06,61.12
2021,11,29,2.68,25.44,91.47,2.51,12.76
2021,11,30,3.87,26.06,91.13,4.65,9.8
2021,12,1,4.17,26.09,86.45,4.89,1.22
2021,12,2,5,24.96,82.33,4.51,0.03
2021,12,3,4.2,24.43,89.59,4.38,0.14
2021,12,4,4.94,26,81.81,2.28,0.01
2021,12,5,4.78,26.58,82.01,1.82,0.15
2021,12,6,4.67,26.55,84.54,2.18,1.22
2021,12,7,4.77,25.87,85.08,3.44,0.09
2021,12,8,4.68,25.65,87.43,3.77,0.38
2021,12,9,4.6,25.84,86.13,4.15,3.98
2021,12,10,4.69,25.77,84.35,4.43,2.35
2021,12,11,4.9,25.88,85.41,5.24,3.71
2021,12,12,4.3,25.7,85.87,5.16,6
2021,12,13,4.09,25.99,84.01,5.71,6.87
2021,12,14,4.22,25.32,83.63,5.49,2.34
2021,12,15,4.29,24.96,82.85,5.48,1.6
2021,12,16,4.43,24.66,80.87,5.58,0.48
2021,12,17,4.27,24.2,81.65,5.13,0.15
2021,12,18,4.43,23.89,80.05,5.38,0
2021,12,19,4.77,23.5,77.93,5.18,0
2021,12,20,4.14,23.58,76,4.33,0
2021,12,21,4.56,23.25,74.54,3.32,0
2021,12,22,4.4,22.74,73.44,2.51,0
2021,12,23,4.97,22.4,72.27,2.45,0
2021,12,24,4.82,23.46,72.72,2,0
2021,12,25,4.96,23.62,73.36,2.19,0
2021,12,26,4.43,23.94,76.97,2.2,0
2021,12,27,4.96,24.25,78.07,2.86,0.41
2021,12,28,3.12,24,81.99,3.63,0.87
2021,12,29,4.91,24.37,79.08,3.45,0.92
2021,12,30,3.07,24.55,86.17,5.18,55.65
2021,12,31,3.5,25.22,87.17,6.2,42.52
2022,1,1,4.14,25.03,86.38,6.15,8.69
2022,1,2,4.69,24.61,83.33,5.05,0.5
2022,1,3,4.72,24.37,81.09,4.38,0.02
2022,1,4,4.88,23.36,81.46,4.57,0.01
2022,1,5,5.05,23.6,80.24,3.29,0.02
2022,1,6,5.14,23.94,83.68,3.59,0.04
2022,1,7,4.92,24.16,84.08,3.53,0.03
2022,1,8,5.25,24.29,80.79,3.81,0
2022,1,9,5.25,24.23,80.86,2.83,0
2022,1,10,5.34,24.65,81.06,2.54,0
2022,1,11,5.37,25.14,79.24,2.96,0.02
2022,1,12,5.19,25.29,80.42,2.82,0.14
2022,1,13,5.01,25.63,81.42,2.81,0.95
2022,1,14,4.93,25.84,83.07,2.47,0.68
2022,1,15,4.9,25.44,84.49,2.88,0.64
2022,1,16,5.17,25.15,84.51,4.63,5.86
2022,1,17,1.97,25.03,80.99,4.89,6.17
2022,1,18,4.84,24.18,81.09,4.22,1.52
2022,1,19,5.16,23.85,76.83,3.51,0.47
2022,1,20,4.95,23.8,72.09,1.87,0
2022,1,21,5.46,24.17,76.9,2.46,0
2022,1,22,4.96,25.02,80.42,2.81,0
2022,1,23,4.93,25.48,83.85,3.26,0.59
2022,1,24,3.19,25.37,82.98,2.88,3.1
2022,1,25,4.55,25.15,80.89,2.65,1.19
2022,1,26,3.96,24.8,79.43,2.3,0.7
2022,1,27,5.02,24.84,76.53,3.37,0.19
2022,1,28,4.96,24.43,82.84,4.99,0.26
2022,1,29,3.21,24.64,81.67,5.65,0.08
2022,1,30,5.04,24.52,82.15,3.65,0
2022,1,31,5.24,24.98,80.62,2.48,0
2022,2,1,5.38,24.13,74.41,2.26,0
2022,2,2,5.78,23.63,71.91,1.96,0
2022,2,3,5.85,23.78,74.14,2.26,0
2022,2,4,5.41,25.03,76.79,2.83,0
2022,2,5,5.5,25.45,81.05,2.94,0.04
2022,2,6,5.34,25.08,77.66,3.52,0
2022,2,7,5.69,24.4,75.11,3.55,0
2022,2,8,6,23.98,75.69,3.64,0
2022,2,9,4.99,23.72,75.92,4.07,0
2022,2,10,5.93,24.2,75.63,4.12,0.13
2022,2,11,5.31,24.9,75.48,4.55,0.25
2022,2,12,5.48,25.15,75.76,4.63,0.07
2022,2,13,5.68,24.62,79.75,4.01,0
2022,2,14,5.04,24.73,74.78,4.21,0.03
2022,2,15,5.76,24.13,71.62,4.05,0.01
2022,2,16,5.35,24.34,70.88,3.62,0
2022,2,17,5.51,24.73,72.42,3.12,0
2022,2,18,5.24,25.13,74.94,3.83,0
2022,2,19,5.43,25.37,74.38,3.54,0
2022,2,20,6.04,25.9,73.12,2.58,0
2022,2,21,5.77,26.3,75.22,2.91,0
2022,2,22,5.73,26.59,76.7,2.94,0.03
2022,2,23,5.9,25.98,75.9,3.68,0
2022,2,24,6.33,25.46,70.74,3.05,0
2022,2,25,6.66,24.43,72.71,3.58,0
2022,2,26,6.29,25.33,74.88,3.69,0.01
2022,2,27,6.56,25.72,72.09,3.96,0
2022,2,28,6.6,26.06,69.11,3.35,0
2022,3,1,6.94,26.31,66.33,3.79,0
2022,3,2,5.96,25.89,66.79,4.01,0
2022,3,3,5.02,26,73.5,4.48,0
2022,3,4,5.29,26.86,71.74,5.53,0.06
2022,3,5,5.53,26.68,71.33,4.91,0.01
2022,3,6,4.68,26.69,71.49,5.36,0.89
2022,3,7,5.29,27.01,72.29,3.8,0.21
2022,3,8,6.45,27.16,68.69,2.64,0
2022,3,9,6.31,27.19,64.58,2.78,0
2022,3,10,6.5,26.85,66.52,3.11,0
2022,3,11,6.28,26.67,67.02,3.19,0
2022,3,12,6.63,26.85,63.83,2.96,0
2022,3,13,5.29,27.08,65.23,2.92,0.01
2022,3,14,6.28,27.78,63.89,2.72,0
2022,3,15,6.27,27.68,63.14,2.6,0
2022,3,16,6.36,28.08,58.62,3.11,0
2022,3,17,6.3,28.36,62.5,3.34,0
2022,3,18,6.49,28.51,67.68,3.56,0
2022,3,19,5.94,29,69.51,3.25,0.01
2022,3,20,4.93,30.19,66.81,2.44,0.08
2022,3,21,5.61,30.81,64.07,2.98,0.49
2022,3,22,5.26,30.41,64.9,2.87,0.87
2022,3,23,5.14,30.09,71.17,3.19,0.01
2022,3,24,5.76,29.75,71.76,3.6,0.01
2022,3,25,6.32,29.46,70.2,3.66,0
2022,3,26,6.26,29.66,68.63,3.83,0
2022,3,27,6.46,29.98,69.34,4.19,0
2022,3,28,6.26,30.17,70.12,4.59,0
2022,3,29,6.17,30.24,70.47,4.89,0
2022,3,30,6.22,30.39,69.13,5.47,0
2022,3,31,6.07,30.23,71.13,5.18,0.01
2022,4,1,6.07,29.6,73.45,5.34,0
2022,4,2,6.32,29.99,68.64,4.51,0.01
2022,4,3,6.4,29.8,68.05,4.28,0
2022,4,4,6.48,29.69,68.85,4.13,0.01
2022,4,5,6.7,29.78,63.99,3.59,0
2022,4,6,6.45,29.49,66.73,2.94,0.05
2022,4,7,6.59,29.97,65.47,3.2,0.1
2022,4,8,7.04,29.98,65.25,2.88,0.14
2022,4,9,6.83,29.9,66.68,2.79,0.14
2022,4,10,6.54,29.9,67.45,2.92,0.66
2022,4,11,6.68,29.78,69.04,2.62,0.26
2022,4,12,6.63,29.12,73.83,2.34,0.07
2022,4,13,5.94,29.6,72.01,2.58,0.11
2022,4,14,6.46,30.35,67.51,3.79,0.02
2022,4,15,6.35,31.24,62.06,4.66,0.02
2022,4,16,5.64,31.33,67.65,4.72,0.03
2022,4,17,5.87,31.29,68.04,3.4,0.42
2022,4,18,6.23,30.48,67.98,2.69,0.33
2022,4,19,6.56,30.64,68.35,3.18,0.03
2022,4,20,6.43,30.61,69.23,3.6,0.02
2022,4,21,6.6,30.29,71.05,4.66,0.01
2022,4,22,6.69,30.9,64.82,3.92,0.02
2022,4,23,6.24,30.28,66.41,3.8,0.04
2022,4,24,6.78,31.79,58.48,3.46,0
2022,4,25,6.87,31.23,63.44,4.65,0
2022,4,26,6.76,31.01,65.24,4.8,0
2022,4,27,6.71,31.26,65.49,4.33,0
2022,4,28,6.63,31.23,67.49,4.52,0
2022,4,29,6.67,31.46,66.74,4.23,0.02
2022,4,30,6.28,32.25,63.21,4.21,0.01
2022,5,1,6.01,31.53,70.08,4.52,0.38
2022,5,2,6.25,31.16,70.49,3.63,0.99
2022,5,3,6.08,30.69,74.56,3.72,0.48
2022,5,4,5.47,30.28,75.33,3.19,1.98
2022,5,5,6.1,30.56,69.34,2.5,1.93
2022,5,6,6.27,31.06,64.87,3.79,4.02
2022,5,7,5.98,30.73,68.71,2.77,8.16
2022,5,8,4.87,31.12,67.73,2.91,0.52
2022,5,9,1.63,30.63,68.48,2.18,1.28
2022,5,10,0.78,29.78,68.11,4.37,10.74
2022,5,11,2.8,30.39,65.48,6.19,6.44
2022,5,12,2.46,29.95,72.1,5.99,8.99
2022,5,13,4.3,28.94,75.67,4.74,1.16
2022,5,14,5.15,30.42,72.58,3.59,1.15
2022,5,15,6.14,28.6,83.04,4.66,7.5
2022,5,16,6.01,29.29,80.9,2.66,6.12
2022,5,17,6.09,29.08,80.26,3.37,2.55
2022,5,18,5.88,29.3,80.04,3.65,1.4
2022,5,19,6.14,29.28,75.88,5.7,0.45
2022,5,20,4.97,28.45,69.84,5.42,0.4
2022,5,21,6.24,30.58,63.4,4.9,0.02
2022,5,22,5.83,31.38,60.97,4.79,0.03
2022,5,23,6.67,31.94,61.99,4.57,0.01
2022,5,24,6.57,32.05,65.36,3.72,0.07
2022,5,25,5.9,31.23,69.08,3.8,2.43
2022,5,26,5.79,30.34,73.62,3.66,3.13
2022,5,27,6.17,30.33,68.42,4.34,1.93
2022,5,28,6.22,30.67,66.71,3.71,0.08
2022,5,29,6.72,30.83,62.61,3.89,0.13
2022,5,30,6.26,31.03,62.73,4.22,0.09
2022,5,31,6.26,31,66.15,3.78,0.03
2022,6,1,5.82,31.01,64.24,2.98,0.01
2022,6,2,5,31,63.91,2.48,0
2022,6,3,5.89,31.22,65.58,3.78,0.01
2022,6,4,3.75,29.71,62.64,3.62,0.01
2022,6,5,5.59,30.59,63.2,2.79,1.81
2022,6,6,4.57,29.17,73.57,3.26,3.7
2022,6,7,5.12,29.96,70.36,5.07,2.57
2022,6,8,5.36,30.65,66.61,4.07,0.38
2022,6,9,5.87,30.33,66.24,4.77,0.26
2022,6,10,5.88,30.45,66.34,4.16,0.21
2022,6,11,4.73,30.27,64.94,3.14,1.31
2022,6,12,6.61,30.7,60.43,3.15,1.97
2022,6,13,6.06,30.57,66.07,3.51,1.48
2022,6,14,6.55,30.66,67.57,3.23,1.54
2022,6,15,6.46,29.77,70.59,3.62,8.16
2022,6,16,6.27,28.98,76.29,2.22,8.64
2022,6,17,6.08,29.22,74.08,3.83,7.47
2022,6,18,5.17,29.32,72.21,4.6,4.74
2022,6,19,5.84,28.87,78.1,3.88,28.85
2022,6,20,6.34,28.7,77.28,3.19,18.31
2022,6,21,5.01,28.77,76.61,3.36,23.54
2022,6,22,5.73,28.39,76.72,2.59,9.51
2022,6,23,3.07,28.65,76.02,3.21,3.63
2022,6,24,6.11,28.98,75.38,3.89,2.55
2022,6,25,5.74,28.63,73.15,4.29,1.99
2022,6,26,5.84,28.93,72.4,3.82,0.65
2022,6,27,3.74,29.62,69.16,2.84,2.44
2022,6,28,3.62,30.28,68.3,2.65,2.59
2022,6,29,6.08,30.59,69.83,2.89,5.16
2022,6,30,6.45,30,73.97,3.37,5.14
2022,7,1,6.43,29.98,72.3,3.72,4.5
2022,7,2,5.98,29.85,72.19,4.1,3
2022,7,3,4.29,29.55,73.91,3.25,3.04
2022,7,4,4.12,29.68,70.08,4.67,3.24
2022,7,5,4.28,28.93,72.68,4.17,6.45
2022,7,6,3.08,28.77,73.58,3.42,4.59
2022,7,7,3.43,28.59,73.43,4.71,1.75
2022,7,8,2.76,28.96,71.85,4.54,3.76
2022,7,9,3.45,29.07,70.96,5.12,2.01
2022,7,10,3.17,29.1,70.16,5.54,2.79
2022,7,11,2.92,29.27,68.64,6.34,1.15
2022,7,12,4.51,29.38,67.03,6.67,1.38
2022,7,13,3.99,29.21,67.36,7.17,2.29
2022,7,14,5.45,29.52,63.32,7.55,0.31
2022,7,15,4.91,29.92,64.32,5.91,0.09
2022,7,16,5.03,29.97,70.15,4.52,5.09
2022,7,17,3.65,29.51,75.18,3.56,9.42
2022,7,18,3.47,28.48,74.31,3.56,2
2022,7,19,6.68,29.5,73.25,2.7,0.94
2022,7,20,6.36,28.94,79.3,2.82,10.14
2022,7,21,5.89,28.65,79.45,2.82,5.89
2022,7,22,3.09,27.1,86.36,2.27,15.58
2022,7,23,5.94,28.68,75.05,2.75,1.46
2022,7,24,5.19,28.71,73.78,2.91,3.4
2022,7,25,6.42,28.45,75.63,2.98,3.46
2022,7,26,3.63,27.11,83.97,2.33,7.74
2022,7,27,6.72,27.76,80.18,2.17,0.2
2022,7,28,6.69,28.1,78.64,1.68,0.75
2022,7,29,6.72,28.49,77.08,1.71,0.73
2022,7,30,6.67,29.21,75.32,3.01,1.37
2022,7,31,6.25,28.87,78.92,3.03,4.17
2022,8,1,6.48,29.2,77.4,2.09,8.36
2022,8,2,4.12,29.35,74.09,2.28,6.98
2022,8,3,3.01,27.64,80.85,1.96,14.47
2022,8,4,1.64,27.68,79.7,2.92,6.52
2022,8,5,3.14,28.33,78.14,5.16,3.08
2022,8,6,4.21,27.99,79.09,5.16,1.04
2022,8,7,3.26,28.1,77.96,5.71,0.62
2022,8,8,5.07,28.31,76.48,6.45,0.33
2022,8,9,4.92,28.67,72.24,6.67,0.02
2022,8,10,5.82,28.89,69.3,6.52,0
2022,8,11,5.99,29.22,69.98,5.41,0.02
2022,8,12,6.02,29.83,69.58,4.36,0.02
2022,8,13,5.53,29.28,70.75,3.79,0.04
2022,8,14,3.95,29.8,65.72,3.67,0.02
2022,8,15,5.11,29.36,70.5,3,2.09
2022,8,16,5.83,28.55,79.44,3.51,8.22
2022,8,17,6.12,27.3,85.51,3.85,8.62
2022,8,18,5.93,28,79.58,3.17,4.21
2022,8,19,3.44,27.74,78.77,3.54,4.58
2022,8,20,5.58,29.32,72.62,3.62,1.33
2022,8,21,4.85,29.3,73.23,4.09,9.65
2022,8,22,6.23,29.01,77.63,4.42,10.86
2022,8,23,6.08,29.32,74.8,3.45,21.98
2022,8,24,4.88,27.76,79.67,3.3,9.93
2022,8,25,6.35,28.38,78.55,2.49,9.94
2022,8,26,6,27.11,84.17,2.33,12.99
2022,8,27,4.73,27.81,80.77,2.84,12.65
2022,8,28,6.02,28.01,81.4,2.4,8.91
2022,8,29,5.34,27.93,81.98,1.57,9.02
2022,8,30,6.13,28.09,80.06,2.02,1.29
2022,8,31,4.25,27.45,79.65,1.37,10.69
2022,9,1,2.36,27.5,77.82,1.21,12.54
2022,9,2,6.55,27.39,81.54,1.9,2.58
2022,9,3,6.26,28.13,80.48,2.1,0.26
2022,9,4,6.51,28.06,84.68,2.4,1.19
2022,9,5,6.61,28.31,83.29,2.62,0.73
2022,9,6,6.01,28.18,81.79,2.53,11.67
2022,9,7,2.85,27.52,80.29,2.6,2.75
2022,9,8,1.36,26.86,84.31,2.53,6.67
2022,9,9,4.42,28.32,81.35,3.35,1.36
2022,9,10,2.87,28.27,81.64,4.48,1.35
2022,9,11,3.95,28.06,80.24,5.35,0.42
2022,9,12,6.19,27.93,80.49,5.2,0.11
2022,9,13,6.63,28.29,78.92,4.38,0.17
2022,9,14,6.27,28.57,79.78,3.59,1.25
2022,9,15,2.81,27.11,82.01,3.32,2.04
2022,9,16,6.75,28.16,78.55,2.76,1.29
2022,9,17,6.52,28.64,78.48,2.8,2.85
2022,9,18,6.43,28.64,78.27,3.25,1.23
2022,9,19,4.14,27.82,79.47,3.46,2.23
2022,9,20,5.33,28.01,72.64,3.69,0.78
2022,9,21,6.71,27.97,70.4,3.13,0.04
2022,9,22,6.1,28.75,72.72,2.49,0.13
2022,9,23,6.67,28.48,69.53,3.07,0.14
2022,9,24,6.18,28.92,72.72,3.24,0.83
2022,9,25,6.16,28.65,75.29,2.74,0.82
2022,9,26,4.88,29.05,76.43,1.8,4.23
2022,9,27,5.76,28.27,79.9,1.94,9.48
2022,9,28,3.54,26.83,86.66,3.13,5.7
2022,9,29,2.15,27.5,80.75,3.21,4.56
2022,9,30,1.88,26.9,83.63,3.7,5.21
2022,10,1,2.4,26.05,83.85,6.66,5.77
2022,10,2,2.45,27.05,77.79,5.08,0.6
2022,10,3,3.25,27.96,77.2,4.1,0.21
2022,10,4,3.5,27.06,82.87,3.31,0.44
2022,10,5,0.45,26.19,86.75,2.82,10.79
2022,10,6,3.98,26.75,84.4,2,22.41
2022,10,7,2.76,27.3,80.74,1.88,3.22
2022,10,8,4.32,27.5,82.6,2.45,10.59
2022,10,9,5.15,27.17,85.88,3.03,17.43
2022,10,10,4.68,27.3,84.96,3.38,5.37
2022,10,11,5.73,27.46,84.91,4.23,9.35
2022,10,12,5.63,27.45,83.99,2.42,2.27
2022,10,13,5.99,27.48,82.14,1.94,2.18
2022,10,14,2.73,27.59,81.03,2.03,2.34
2022,10,15,5.33,27.18,83.7,2.66,4.78
2022,10,16,5.72,27.4,84.12,2.73,5.46
2022,10,17,5.99,27.86,82.1,2.51,2.69
2022,10,18,5.75,27.66,81.16,1.92,6.35
2022,10,19,5.54,27.67,80.37,2.44,5.85
2022,10,20,5.4,27.17,85.87,2.8,16.88
2022,10,21,4.98,27.25,85.29,3.34,6.6
2022,10,22,4.04,27.3,86.71,4.4,2.64
2022,10,23,5.38,27.44,76.08,4.49,1.41
2022,10,24,5.74,26.14,65.99,3.62,0
2022,10,25,5.97,26.1,64.27,2.9,0
2022,10,26,5.91,26.31,65.69,3.7,0.02
2022,10,27,4.58,26.44,75.1,4.17,2.07
2022,10,28,4.63,26.62,83.52,4.6,10.41
2022,10,29,4.03,27.01,80.51,5.02,3.87
2022,10,30,4.63,26.81,81.9,5.37,7.56
2022,10,31,0.9,25.71,90.31,4.47,25.66
2022,11,1,1.18,25.65,85.84,3.23,54.46
2022,11,2,2.21,25.63,88.37,3.93,28.46
2022,11,3,3.86,25.67,86.58,3.68,24.99
2022,11,4,4.85,25.79,84.38,2.78,4.36
2022,11,5,5.59,26.43,85.01,3.7,3.45
2022,11,6,5.2,26.37,83.12,4.83,2.51
2022,11,7,4.02,26.06,84.97,4.45,8.51
2022,11,8,4.19,26.05,86.01,4.8,4
2022,11,9,5.06,26.32,83.88,4.82,1.51
2022,11,10,4.06,26.27,83.05,6.08,3.84
2022,11,11,0.74,26.09,90.35,7.4,67.26
2022,11,12,2.81,26.44,87.95,4.6,35.62
2022,11,13,2.14,25.77,88.67,3,35.91
2022,11,14,3.67,26.26,85.98,4.28,7.69
2022,11,15,4.23,25.97,82.74,4.23,7.45
2022,11,16,4.93,24.62,80.42,4.25,0.01
2022,11,17,4.81,24.14,76.68,5.12,0
2022,11,18,3.85,24.47,76.51,5.4,0
2022,11,19,4.48,24.13,77.35,5.9,0
2022,11,20,2.78,23.07,78.95,6.15,0.35
2022,11,21,1.11,23.62,91.87,5.24,2.31
2022,11,22,0.96,25.39,92.14,4.5,5.68
2022,11,23,3.73,26.18,90.48,2.89,9.63
2022,11,24,4.61,25.91,87.32,2.75,3
2022,11,25,4.7,25.54,86.6,2.64,0.3
2022,11,26,3.82,25.84,84.6,2.4,0.14
2022,11,27,4.03,25.96,83.83,1.8,1.01
2022,11,28,4.26,25.71,81.23,2.63,0.05
2022,11,29,4.9,24.69,77.56,3.82,0
2022,11,30,3.78,24.64,83.2,3.48,1.28
2022,12,1,4.39,25.96,86.61,3.47,2.14
2022,12,2,5.18,26.07,83.68,3.13,0.14
2022,12,3,4.6,26.05,86.39,4.21,2.59
2022,12,4,3.89,25.82,86.35,4.81,1.1
2022,12,5,3.82,25.87,83.06,4.34,0.7
2022,12,6,2.84,25.36,79.81,5.07,0.02
2022,12,7,3.15,23.77,81.29,6.2,0.01
2022,12,8,1.64,22.52,81.86,9.06,14.41
2022,12,9,1.36,23.96,88.93,9.84,58.41
2022,12,10,2.39,25.03,89.81,6.75,59.93
2022,12,11,2.55,25.37,87.25,4.96,14.22
2022,12,12,1.78,25.26,90.18,4.77,23.63
2022,12,13,4.88,25.5,87.95,3.32,5.64
2022,12,14,4.65,25.36,86.71,3.13,0.8
2022,12,15,5.03,24.34,83.55,3,0.01
2022,12,16,4.74,24.39,84.08,3.38,0.03
2022,12,17,4.19,25.2,84.58,3.81,0.03
2022,12,18,4,24.86,81.93,5.41,0.03
2022,12,19,4.17,23.97,82.3,5.29,0.04
2022,12,20,4.68,24.21,82.48,5.55,0.04
2022,12,21,4.01,24.31,86.31,5.6,0.07
2022,12,22,3.86,24.32,83.39,5.8,0.52
2022,12,23,3.69,24.63,88.43,5.78,0.22
2022,12,24,3.28,25.34,87.36,6.26,6.68
2022,12,25,3.49,25.88,89.15,5.09,13.2
2022,12,26,3.95,25.58,89.34,3.76,3.62
2022,12,27,4.89,25.1,89.17,3.07,0.41
2022,12,28,5.08,25.59,83.74,2.43,0.02
2022,12,29,5.09,25.27,82.49,1.94,0
2022,12,30,5.27,25.01,79.06,1.8,0
2022,12,31,5.09,24.7,78.67,1.73,0
2023,1,1,5.08,24.36,80.51,2.13,0
2023,1,2,4.93,24.74,76.93,3.08,0
2023,1,3,4.48,24.67,77.4,3.53,0.01
2023,1,4,4.47,24.68,77.54,4.14,0
2023,1,5,4.68,24.6,74.79,5.25,0.01
2023,1,6,4.09,24.69,77.4,5.82,0.01
2023,1,7,3.85,24.44,80.41,5.02,0.21
2023,1,8,4.03,23.99,78.94,4.41,0.21
2023,1,9,5.18,22.92,72.99,4.36,0
2023,1,10,5.19,23.08,75.06,4.21,0.07
2023,1,11,5.37,23.16,76.15,3.27,0
2023,1,12,5.65,23.24,74.67,2.24,0
2023,1,13,5.49,23.15,75.4,2.06,0
2023,1,14,5.96,22.67,74.14,2.25,0
2023,1,15,5.7,22.54,75.5,2.18,0
2023,1,16,5.85,22.55,74.95,2.79,0
2023,1,17,5.48,23.2,73.37,2.55,0
2023,1,18,5.26,23.44,72.48,3.18,0
2023,1,19,5.4,23.68,71.9,3,0
2023,1,20,3.72,23.98,79.81,3.54,0.08
2023,1,21,4.85,24.24,78.13,4.28,0.02
2023,1,22,4.26,23.75,77.83,4.07,0
2023,1,23,3.9,24.59,78.83,4.11,0.02
2023,1,24,5.31,24.54,75.5,3.53,0.01
2023,1,25,5.07,23.71,73.95,3.44,0
2023,1,26,4.41,24.11,72.82,3.57,0.02
2023,1,27,5.62,23.7,75.02,3.59,0
2023,1,28,5.05,23.93,78,3.91,0.03
2023,1,29,4.91,24.8,80.23,4.65,0.5
2023,1,30,4.61,25.5,82.63,4.66,1.86
2023,1,31,3.8,24.98,82.17,4.85,0.52
2023,2,1,4.3,25.47,76.48,5.43,0.5
2023,2,2,3.2,25.57,78.36,5.06,0.18
2023,2,3,5.06,25.8,78.3,4.96,0.34
2023,2,4,5.41,25.43,75.58,4.37,0.14
2023,2,5,5.48,25,72.68,3.56,0
2023,2,6,5.46,24.88,73.16,3.09,0
2023,2,7,5.39,24.75,73.56,2.16,0
2023,2,8,5.75,24.95,73.76,2.76,0
2023,2,9,5.57,25.08,74.52,2.35,0
2023,2,10,5.91,25.19,71.65,2.37,0
2023,2,11,4.77,25.14,68.28,2.09,0
2023,2,12,5.87,25.19,65.17,2.53,0
2023,2,13,6.08,25.12,64.43,2.68,0
2023,2,14,5.87,25.01,69.76,2.55,0
2023,2,15,5.8,24.71,72.74,2.64,0
2023,2,16,5.88,24.7,74.12,2.56,0
2023,2,17,5.86,24.7,73.6,2.73,0
2023,2,18,5.93,25.17,71.33,3.1,0
2023,2,19,6.27,25.52,69.58,3.13,0
2023,2,20,6.11,25.76,65.54,2.47,0
2023,2,21,6.1,25.78,63.99,2.43,0
2023,2,22,5.91,25.77,65.33,2.93,0
2023,2,23,6.41,25.06,67.8,2.95,0
2023,2,24,6.71,25.32,63.89,2.44,0
2023,2,25,6.65,25.52,64.98,2.73,0
2023,2,26,6.36,25.42,67.37,3.07,0
2023,2,27,6.5,25.82,60.33,2.95,0
2023,2,28,5.88,26.06,71.67,3.77,0
2023,3,1,5.95,26.55,72.45,4.29,0.01
2023,3,2,6.83,25.92,63.85,3.97,0
2023,3,3,6.19,25.88,68.59,3.71,0
2023,3,4,6.14,26.41,66.97,3.85,0
2023,3,5,6.61,26.45,69.87,3.89,0
2023,3,6,6.76,26.47,67.86,3.42,0
2023,3,7,6.3,26.36,68.22,3.18,0
2023,3,8,6.27,26.7,65.56,4.15,0
2023,3,9,5.08,27.22,64.5,3.73,0
2023,3,10,5.33,26.98,69.71,3.8,0
2023,3,11,6.37,26.76,70.07,3.94,0
2023,3,12,6.64,27.49,69.92,3.88,0.01
2023,3,13,6.68,27.91,66.41,3.51,0.01
2023,3,14,5.63,27.75,68.25,3.34,0.02
2023,3,15,5.7,27.95,71.71,3.76,0.04
2023,3,16,6,28.21,71.36,4.22,0.13
2023,3,17,3.31,27.93,75.24,3.53,10.01
2023,3,18,4.51,27.82,77.04,4.18,10.1
2023,3,19,4.23,27.49,77.8,3.1,19.92
2023,3,20,5.27,27.52,78.1,3.83,11.9
2023,3,21,6.4,28.24,75.92,3.3,1.79
2023,3,22,6.25,29.03,73.18,3.72,0.39
2023,3,23,4.81,28.81,76.23,4.04,2.02
2023,3,24,6.58,28.76,74.99,4.26,2.69
2023,3,25,6.21,29.04,72.38,3.83,0.03
2023,3,26,5.78,28.96,73.4,3.35,0.13
2023,3,27,6.31,29.63,70.9,3.32,0.16
2023,3,28,6.36,29.31,71.86,3.94,0.03
2023,3,29,6.62,28.95,70.78,3.91,0.01
2023,3,30,6.68,28.58,70.01,3.63,0.01
2023,3,31,6.64,28.98,67.71,4.44,0.01
2023,4,1,6.53,29.27,71.17,4.35,0.02
2023,4,2,6.35,29.27,73.05,4.87,0.97
2023,4,3,6.68,29.34,74.12,4.67,0.26
2023,4,4,6.47,29.51,71.28,4.07,0.03
2023,4,5,6.59,28.95,73.8,3.98,0.03
2023,4,6,6.88,29.48,70.09,3.58,0.01
2023,4,7,6.82,29.29,68.71,3.43,0
2023,4,8,6.56,29.16,65.65,3.32,0
2023,4,9,6.7,28.94,68.3,3.38,0.01
2023,4,10,6.87,29.01,67.22,2.65,0
2023,4,11,7.01,29.23,62.6,2.33,0
2023,4,12,7.24,29.74,57.99,2.59,0
2023,4,13,6.92,30.69,52.62,2.99,0
2023,4,14,6.73,30.61,57.99,3.61,0
2023,4,15,6.22,31.07,55.87,3.28,0
2023,4,16,6.63,30.31,59.96,3.57,0
2023,4,17,6.65,31.03,57.25,4,0
2023,4,18,6.79,30.78,60.54,3.38,0
2023,4,19,7,30.8,61.09,3.75,0
2023,4,20,6.68,31.59,65.28,4.67,0
2023,4,21,6.17,31.85,64.69,4.96,0.12
2023,4,22,5.7,31.62,65.45,4.3,0.67
2023,4,23,6.13,31.64,65.07,5.33,3.5
2023,4,24,6.59,30.84,67.85,5.09,2.17
2023,4,25,6.32,30.07,70.92,3.83,2.14
2023,4,26,6.28,30.48,63.51,3.24,0.07
2023,4,27,5.92,30.59,65.16,3.29,0.09
2023,4,28,6.76,30.92,65.36,3.69,0.32
2023,4,29,5.86,30.77,67.18,3.53,1.27
2023,4,30,5.86,30.83,64.38,3.72,0.55
2023,5,1,4.45,29.21,73.13,3.15,14.52
2023,5,2,3.44,28.1,81.9,3.47,12.13
2023,5,3,4.31,27.83,82.81,3.32,1.28
2023,5,4,6.01,29.45,72.96,2.32,0.98
2023,5,5,3.67,28.25,78.33,1.9,6
2023,5,6,5.34,29.45,71.08,1.66,7.4
2023,5,7,4.95,29.32,73.2,2.66,3.23
2023,5,8,6.65,29.32,76.05,2.66,8.36
2023,5,9,7.07,29.95,71.53,2.88,0.14
2023,5,10,5.61,29.88,71.05,2.6,0.15
2023,5,11,4.11,30.41,70.36,2.48,0.07
2023,5,12,4.77,31.64,66.11,3.07,0.06
2023,5,13,4.59,33.29,59.36,4.09,0.02
2023,5,14,5.55,34.15,55.34,4.49,0.01
2023,5,15,6.08,33.52,59.98,3.98,1.03
2023,5,16,6.6,33.34,59.73,3.8,0.18
2023,5,17,6.29,32.65,66.61,4,0.19
2023,5,18,6.29,31.37,71.2,3.81,0.1
2023,5,19,6.19,30.9,74.06,4.52,0.12
2023,5,20,6.18,31.24,71.64,3.93,0.07
2023,5,21,4.98,30.29,76.56,3.73,0.17
2023,5,22,5.97,30.38,76.47,4.04,0.16
2023,5,23,6.39,30.76,72.5,4.1,0.06
2023,5,24,6.45,31.92,65.54,5.04,0.06
2023,5,25,6.03,33.23,57.15,3.7,0.5
2023,5,26,6.01,33.36,55.67,3.95,0.27
2023,5,27,6.11,33.84,55.62,3.33,2.46
2023,5,28,5.07,32.91,58.07,4.63,0.84
2023,5,29,6.19,32.38,63.99,4.04,0.35
2023,5,30,5.91,31.44,68.69,3.57,2.08
2023,5,31,6.32,31.25,69.9,2.35,0.58
2023,6,1,5.76,32.34,63.01,4.86,0.5
2023,6,2,6.19,33.1,57.72,3.95,0.17
2023,6,3,5.73,33.76,54.76,5.35,0.04
2023,6,4,5.65,33.53,55.26,4.29,0.03
2023,6,5,5.96,31.66,62.43,6.44,2.71
2023,6,6,6.4,32.2,59.27,5.69,1.2
2023,6,7,4.63,28.61,75.89,6.33,3.04
2023,6,8,5.81,31.11,66.19,5.96,0.35
2023,6,9,5.84,30.34,69.86,5,5.24
2023,6,10,6.31,31.31,65.1,2.99,6.7
2023,6,11,5.88,31.81,59.37,5.35,0.01
2023,6,12,6.78,31.78,63.28,4.64,4.57
2023,6,13,6.66,31.16,66.78,3.53,2.31
2023,6,14,5.74,30.27,71.26,4.47,2.5
2023,6,15,6.7,31.3,65.04,4.19,0.73
2023,6,16,6.68,32.16,64.13,3.84,1.61
2023,6,17,2.04,29.26,72.75,5.26,8.83
2023,6,18,2.27,27.98,80.55,4.93,48.9
2023,6,19,2.81,29.47,75.81,4.49,21.5
2023,6,20,4.32,29.48,76.98,3.35,12.83
2023,6,21,2.71,27.48,81.24,2.75,1.73
2023,6,22,4.44,28.79,79.69,2.23,8.34
2023,6,23,3.3,29.25,77.83,2.77,6.08
2023,6,24,4.32,29.23,74.83,3.22,3.76
2023,6,25,3.55,28.27,80.21,4.09,7.82
2023,6,26,4.25,29.75,70.56,2.97,0.15
2023,6,27,4.88,30.14,69.05,2.63,0.15
2023,6,28,6.56,29.66,68.03,3.96,0.16
2023,6,29,6.54,30.08,69.4,3,1.62
2023,6,30,6.55,30.74,66.42,3.25,0.56
2023,7,1,5.25,30.25,69.37,2.75,3.01
2023,7,2,2.11,27.44,78.47,5.22,3.24
2023,7,3,2.78,27.97,80.12,4.31,4.82
2023,7,4,4.05,28.23,79.22,3.75,3.92
2023,7,5,4.08,29.46,67.13,5.83,1.34
2023,7,6,4.64,29.09,69.75,5.49,0.15
2023,7,7,5.82,29.37,68.08,4.49,0.22
2023,7,8,4.67,29.72,69.84,3.44,1.94
2023,7,9,6.44,29.79,70.06,2.82,4.36
2023,7,10,2.39,28.83,77.62,3.34,8.05
2023,7,11,3.54,28.86,76.32,3.62,3.13
2023,7,12,3.15,29.08,73.82,3.1,12.22
2023,7,13,5.38,29.26,72.59,4.03,11.25
2023,7,14,5.77,29.93,71.98,3.84,0.46
2023,7,15,6.34,29.79,68.5,4.02,0.14
2023,7,16,4.06,30.05,71.23,2.8,0.06
2023,7,17,5.38,30.07,71.34,4.14,0.11
2023,7,18,4.87,30.27,68.44,5,0.04
2023,7,19,5.05,30.18,64.86,5.65,0.54
2023,7,20,4.12,30.02,65.02,6.73,0.03
2023,7,21,4.51,29.98,67.67,5.94,0.55
2023,7,22,3.04,29.94,68.46,5.46,6.07
2023,7,23,1.75,29.18,73.19,4.42,2.07
2023,7,24,1.99,27.96,79.37,4.97,7.47
2023,7,25,1.62,27.46,79.23,4.8,6.91
2023,7,26,3.17,28.81,74.17,5.61,6.64
2023,7,27,5.44,29.15,68.17,6.08,0.02
2023,7,28,6.28,30.39,64.83,5.06,0.03
2023,7,29,5.89,31.12,62.34,5.86,0.1
2023,7,30,5.91,31.32,63.59,4.87,0.33
2023,7,31,5.56,30.94,67.77,4.11,0.18
2023,8,1,4.68,31.57,64.38,4.49,0.07
2023,8,2,5.49,31.14,62.46,4.26,0.03
2023,8,3,6.02,31.04,66.03,3.74,0.23
2023,8,4,6.13,31.02,66.32,3.61,0.7
2023,8,5,6.24,31.2,65.45,3.36,0.21
2023,8,6,6.46,30.97,67.26,3.6,0.17
2023,8,7,5.87,30.64,67.78,3.75,0.49
2023,8,8,4.03,30.4,67.4,2.99,0.21
2023,8,9,5.63,30,71.83,2.98,2.38
2023,8,10,4.59,29.62,73.72,2.87,7.97
2023,8,11,4.38,29.61,72.25,2.41,7.84
2023,8,12,5.55,30.08,72.1,3.22,7.11
2023,8,13,5.13,29.8,73.46,2.63,11.98
2023,8,14,5.26,29.1,78.19,2.43,23.59
2023,8,15,5.9,28.94,77.09,2.93,10.31
2023,8,16,6.27,29.24,76.21,3.13,7.46
2023,8,17,5.66,28.76,80.85,3.3,23.85
2023,8,18,4.57,29.81,73.07,3.1,2.91
2023,8,19,5.09,29.82,70.72,2.59,5.86
2023,8,20,5.87,29.92,71.66,2.95,1.54
2023,8,21,5.95,29.73,74.99,3.12,3.55
2023,8,22,5.84,29.22,78.93,3.19,10.89
2023,8,23,5.7,28.65,81.11,3.19,16.42
2023,8,24,5.9,27.85,84.03,2.35,20.33
2023,8,25,5.66,28.26,82.66,2.65,1.48
2023,8,26,5.55,28.51,81.71,3.17,5.42
2023,8,27,4.36,28.78,79.99,2.34,16.61
2023,8,28,5.87,28.63,79.26,3.83,4.07
2023,8,29,5.42,28.29,81.77,3.14,10.59
2023,8,30,5.63,28.74,79.96,2.92,5.64
2023,8,31,5.99,28.18,84.84,2.83,3.02
2023,9,1,6.19,28.75,80.74,4.07,2.24
2023,9,2,5.83,28.18,84.27,3.71,5.46
2023,9,3,4.7,27.46,83.87,2.96,32.16
2023,9,4,2.75,27.68,79.72,3.95,2.04
2023,9,5,1.53,28.08,75.87,4.76,2.52
2023,9,6,4.19,28.21,80.55,4.49,4.57
2023,9,7,5.99,28.23,79.55,4.82,19.19
2023,9,8,6.13,28.23,77.26,4.64,1.06
2023,9,9,6.26,27.93,78.56,4.1,0.3
2023,9,10,3.3,26.91,84.83,3.61,0.66
2023,9,11,3.48,28.06,78.55,3.21,0.55
2023,9,12,4.12,28.81,76.71,2.96,1.8
2023,9,13,5.28,28.81,77.87,2.84,8.37
2023,9,14,4.81,28.94,77.34,3.96,4.99
2023,9,15,6.12,28.48,77.47,4.49,4.02
2023,9,16,5.5,27.63,82.93,4.42,27.6
2023,9,17,5.42,28.13,82.79,3.42,7.4
2023,9,18,5.64,28.22,82.13,3.53,6.86
2023,9,19,5.49,27.92,82.96,3.76,4.7
2023,9,20,5.41,27.75,82.64,3.02,3.42
2023,9,21,3.15,27.15,84.23,3.43,4.08
2023,9,22,5.92,28.22,82.57,3.54,0.91
2023,9,23,6.06,28.61,84.47,3.93,4.18
2023,9,24,6.45,28.3,84.45,3.54,13.01
2023,9,25,6.44,26.79,88.59,3.35,16.03
2023,9,26,5.37,27.58,85.21,3.64,10.41
2023,9,27,6.24,27.77,82.77,3.22,4.95
2023,9,28,6.08,28.02,82.37,3.07,12.18
2023,9,29,6.06,27.59,85.03,4.45,9.79
2023,9,30,5.35,27.72,80.61,3.91,8.53
2023,10,1,5.91,27.44,82.99,4.73,1.19
2023,10,2,5.77,27.53,82.8,5.1,0.69
2023,10,3,5.63,28.57,78.69,4.02,0.64
2023,10,4,4.56,28.87,80.29,3.02,5
2023,10,5,5.32,28.96,80.17,2.34,3.78
2023,10,6,5.39,28.36,82.18,2.35,2.56
2023,10,7,5.41,28.68,82.33,2.22,1.1
2023,10,8,5.53,28.23,85.94,3.08,0.63
2023,10,9,5.69,28.05,85.96,2.71,0.4
2023,10,10,5.71,28.03,86.32,2.4,2.95
2023,10,11,5.91,28.04,82.89,2.2,2.44
2023,10,12,5.85,27.62,80.09,2.63,0.04
2023,10,13,4.35,27.16,79.15,2.48,0.7
2023,10,14,3.89,27.58,81.34,2.25,3.96
2023,10,15,4.75,27.34,83.92,2.03,0.86
2023,10,16,5,27.73,82.46,2.61,0.7
2023,10,17,5.71,27.83,79.77,3.29,0.24
2023,10,18,5.44,27.73,75.35,3.4,0.01
2023,10,19,5.03,27.62,77.26,3.05,0
2023,10,20,5.47,27.65,78.06,2.76,0.26
2023,10,21,4.5,27.74,81.5,4.06,7.89
2023,10,22,5.39,27.78,79.91,3.98,0.46
2023,10,23,5.37,27.41,68.17,3.11,0.01
2023,10,24,5.92,27.22,69.26,2.18,0
2023,10,25,5.71,27.61,71.58,2.51,0.01
2023,10,26,4.68,27.34,76.89,2.84,0.01
2023,10,27,4.75,27.55,78.88,3.08,0.03
2023,10,28,5.32,27.89,78.68,2.56,1.34
2023,10,29,4.86,27.43,83.19,2.79,7.24
2023,10,30,2.67,26.63,85.25,2.84,8.84
2023,10,31,3.82,27.41,80.58,4.28,1.3
2023,11,1,3.85,27.75,83.84,4.78,5.87
2023,11,2,4.39,27.78,82.65,3.41,5.84
2023,11,3,3.7,26.99,88.05,2.43,18.86
2023,11,4,2.61,26.95,86.19,3.05,24.68
2023,11,5,5.04,26.7,85.35,1.78,9.19
2023,11,6,3.95,27.14,83.1,1.9,8.74
2023,11,7,3.61,26.96,85.91,3.03,4.44
2023,11,8,4.34,26.76,86.15,2.75,5.75
2023,11,9,2.99,26.59,87.36,2.72,12.07
2023,11,10,4.66,27.06,83.34,4.02,1.73
2023,11,11,5.04,26.6,78.08,4.46,0.01
2023,11,12,4.41,26.87,75.52,4.83,0.03
2023,11,13,3.65,27.06,81.36,5.47,5.77
2023,11,14,1.06,26.14,88.39,5.38,40.48
2023,11,15,1.12,26.13,90.77,5.64,10.98
2023,11,16,3.65,26.8,84.68,4.61,3.49
2023,11,17,4.94,26.74,85.04,4.28,0.9
2023,11,18,5.03,27.01,84.42,5.13,0.76
2023,11,19,4.96,27,84.85,5.13,0.38
2023,11,20,1.99,26.57,90.63,5.46,18.5
2023,11,21,0.6,27.01,86.09,3.6,14.95
2023,11,22,3.03,26.8,85.57,2.9,11.15
2023,11,23,3.22,26.93,86.25,1.8,11.14
2023,11,24,4.04,26.66,89.94,3.52,14.33
2023,11,25,4.13,26.91,86.08,4.77,11.86
2023,11,26,4.05,26.71,85.85,5.02,7.68
2023,11,27,3.7,26.82,86.53,3.99,18.5
2023,11,28,4.39,26.89,85.59,4.33,14.1
2023,11,29,2.09,26.36,87.08,3.8,45.11
2023,11,30,1.81,26.02,88.69,3.75,19.95
2023,12,1,4.26,26.32,86.66,5.04,13.28
2023,12,2,2.68,26.38,88.14,6.97,35.1
2023,12,3,1.65,26.28,90.4,8.93,50.09
2023,12,4,0.71,24.8,89.68,14.75,187.88
2023,12,5,2.68,25.84,86.3,5.96,2.58
2023,12,6,4.23,27.07,87.78,2.22,1.83
2023,12,7,3.86,27.07,87.08,2.14,1.35
2023,12,8,3.45,26.38,89.08,3.92,0.69
2023,12,9,4.51,26.1,86.13,4.65,0.34
2023,12,10,3.94,25.51,84.14,4.44,0.07
2023,12,11,3.86,25.1,84.5,4.22,0.08
2023,12,12,4.25,24.49,81.09,4.08,0.12
2023,12,13,4.29,24.29,77.51,4.57,0.02
2023,12,14,4.22,24.53,80.25,5.24,0.03
2023,12,15,1.27,25.18,88.2,5.7,7
2023,12,16,3.51,25.99,86.69,5.83,1.85
2023,12,17,3.77,25.5,83.44,5.47,0.13
2023,12,18,4.25,25.15,81.4,5.69,0.04
2023,12,19,4.72,24.75,81.44,5.58,0.01
2023,12,20,4.28,24.69,82.83,5.31,0.01
2023,12,21,3.41,24.69,83.89,4.66,0.02
2023,12,22,4.29,24.23,80.25,3.69,0
2023,12,23,3.93,23.75,77.38,3.47,0
2023,12,24,3.55,24.62,84.37,5.4,0.01
2023,12,25,4.51,25.17,85.29,5.39,0.02
2023,12,26,5.04,24.53,82.05,4.65,0
2023,12,27,5.05,24.45,80.46,5.21,0.02
2023,12,28,4.96,25.1,84.87,5.2,0.15
2023,12,29,4.11,25.2,84.25,5.25,0.21
2023,12,30,4.86,24.34,80.46,4.36,0.01
2023,12,31,4.66,24.46,77.83,3.85,0.01
2024,1,1,4.6,24.34,77.47,3.59,0.23
2024,1,2,3.95,24.28,77.42,3.94,0.04
2024,1,3,3.56,24.57,81.63,4.18,1.01
2024,1,4,2.59,25.06,80.49,3.94,2.55
2024,1,5,3.85,25.03,80.22,4.33,1.07
2024,1,6,3.27,25.18,81.29,5.05,2.85
2024,1,7,2.12,24.68,87.52,6.51,40.16
2024,1,8,1.72,25.39,83.75,5.71,8.1
2024,1,9,4.27,25.29,80.62,5.4,0.68
2024,1,10,4.56,24.91,79.34,4.51,0.02
2024,1,11,4.96,24.61,80.75,4.51,0
2024,1,12,4.47,25.09,81.21,4.18,0
2024,1,13,3.74,24.89,83.2,3.68,0
2024,1,14,4.46,24.31,83.35,3.16,0
2024,1,15,4.8,24.4,80.62,2.75,0
2024,1,16,6.63,23.97,75.78,2.88,0
2024,1,17,5.79,24.11,74.92,2.21,0
2024,1,18,5.48,24.49,76.36,2.35,0
2024,1,19,4.94,25.01,81.61,3.06,0.01
2024,1,20,5.52,24.89,81.47,3.74,0
2024,1,21,5.54,24.68,78.16,2.82,0
2024,1,22,5.28,24.93,78.55,2.76,0
2024,1,23,5.24,24.96,79.42,3.12,0
2024,1,24,5.39,25.06,77.54,3.09,0
2024,1,25,5.36,25.07,76.96,3.06,0
2024,1,26,4.64,24.64,79.5,3.73,0.02
2024,1,27,5.12,24.82,82.07,4.4,0.05
2024,1,28,4.38,24.73,80.17,4.43,0
2024,1,29,5.5,24.16,75.11,4.52,0
2024,1,30,5.43,24.13,80.26,3.29,0
2024,1,31,5.49,25.19,78.98,2.81,0
2024,2,1,5.17,26.1,80.4,2.3,0.02
2024,2,2,5.35,26.56,79.65,2.86,0.02
2024,2,3,5.41,26.23,77.72,3.21,0
2024,2,4,5.71,25.56,76.29,3.25,0
2024,2,5,5.48,25.42,77.48,3.34,0
2024,2,6,5.61,25.28,77.52,2.96,0
2024,2,7,6.03,25.35,75.18,2.58,0
2024,2,8,5.47,25.48,77.01,2.52,0
2024,2,9,5.61,25.84,78.03,2.58,0
2024,2,10,5.24,26.17,78.56,4.01,0
2024,2,11,5.76,25.8,75.23,4.4,0
2024,2,12,5.54,25.5,73.01,4.33,0
2024,2,13,5.62,26.01,78.03,4.21,0
2024,2,14,6.01,26.1,74.59,4.29,0
2024,2,15,5.64,25.65,73.76,4.21,0
2024,2,16,6.03,25.85,74.93,4.64,0
2024,2,17,6.21,25.81,74.64,4.19,0
2024,2,18,6.21,25.97,71.31,2.96,0
2024,2,19,6.02,26.67,70.53,3.11,0
2024,2,20,5.99,26.95,68.57,2.78,0
2024,2,21,5.78,26.98,70.2,3.45,0
2024,2,22,5.65,27.77,72.86,4.33,0
2024,2,23,5.52,28.41,76.63,4.65,0.01
2024,2,24,5.75,28,75.11,4.05,0
2024,2,25,5.83,27.35,74.06,3.73,0
2024,2,26,6.06,27.31,72.45,4.9,0
2024,2,27,6.21,27.15,72.99,4.66,0
2024,2,28,6.43,26.59,70.5,3.88,0
2024,2,29,6.14,27.01,68.36,3.02,0
2024,3,1,6.26,27.48,67.99,3.14,0
2024,3,2,5.71,27.65,65.42,2.73,0
2024,3,3,6.46,27.46,66.14,3.19,0
2024,3,4,6.24,27.14,66.98,3.2,0
2024,3,5,6.12,27.56,66.59,2.84,0
2024,3,6,5.68,27.74,66.87,2.87,0
2024,3,7,6.2,27.87,65.88,3.49,0
2024,3,8,5.95,27.96,67.66,4.34,0
2024,3,9,6.17,28.49,67.63,3.93,0
2024,3,10,6.29,28.55,67.62,3.64,0
2024,3,11,6.04,28.76,68.19,3.6,0.01
2024,3,12,6.2,28.95,66.64,3.52,0
2024,3,13,6.09,29.33,64.06,4.88,0
2024,3,14,6.04,29.38,62.11,4.58,0
2024,3,15,5.96,28.98,65,4.22,0
2024,3,16,6.29,29,69.5,4.43,0
2024,3,17,6.41,29.02,65.29,3.87,0
2024,3,18,6.31,29.04,63.23,3.55,0
2024,3,19,6.39,29.06,62.8,3.88,0
2024,3,20,6.37,28.56,67.19,4.22,0
2024,3,21,6.31,29.23,66.99,4.52,0.02
2024,3,22,6.78,29.56,64.87,3.69,0
2024,3,23,6.82,29.25,64.19,3.62,0
2024,3,24,6.68,29.34,64,4.24,0
2024,3,25,6.44,29.39,60.89,3.9,0
2024,3,26,6.81,29.14,55.98,4.01,0
2024,3,27,6.95,29.3,53.68,3.64,0
2024,3,28,6.73,30.12,56.08,3.2,0
2024,3,29,6.72,30.39,61.32,4.23,0
2024,3,30,7.2,30.17,57.79,4.02,0
2024,3,31,7.03,30.04,61.77,3.68,0
2024,4,1,6.87,30.65,64.24,3.46,0
2024,4,2,7.03,30.71,63.11,3.64,0
2024,4,3,6.78,30.49,66.31,4.81,0
2024,4,4,6.75,30.88,61.89,4.14,0
2024,4,5,6.84,31.29,58.27,3.63,0
2024,4,6,6.15,31.85,57.48,4.29,0
2024,4,7,6.73,31.75,58.15,4.31,0
2024,4,8,6.53,30.84,65.34,4.9,0
2024,4,9,6.52,30.85,63.48,4.26,0
2024,4,10,6.25,30.95,63.93,3.71,0
2024,4,11,7,31.41,60.35,3.63,0.03
2024,4,12,6.74,31.39,61.52,4.42,0.05
2024,4,13,6.4,31.33,59.2,3.56,0.06
2024,4,14,6.64,31.25,59.78,3.59,0.04
2024,4,15,7.07,31.41,58.94,3.19,0
2024,4,16,6.73,31.61,59.97,4.01,0
2024,4,17,6.17,32.22,60.26,5.19,0
2024,4,18,6.2,32.5,63.08,5.38,0
2024,4,19,6.69,32.59,64.21,5.58,0
2024,4,20,6.45,32.29,65.69,4.89,0.01
2024,4,21,6.44,32.18,65.82,4.16,0.01
2024,4,22,7.06,32.05,64.6,4.2,0
2024,4,23,7.04,31.95,60.03,4.22,0
2024,4,24,6.82,32.32,59.06,3.98,0
2024,4,25,6.83,32.51,58.56,3.49,0
2024,4,26,6.78,32.34,57.77,4.14,0
2024,4,27,6.96,32.01,56.99,3.52,0
2024,4,28,6.79,32.16,57.51,3.78,0
2024,4,29,7.09,32.14,59.37,3.65,0
2024,4,30,6.81,32.17,59.07,4.73,0
2024,5,1,6.96,33.78,61.59,5.69,0.01
2024,5,2,6.6,33.83,62.58,6.17,0.01
2024,5,3,6.18,33.53,60.39,6.08,0.03
2024,5,4,6.03,33.14,63.57,5.89,0.86
2024,5,5,6.32,33.5,63.15,6.72,0.29
2024,5,6,6.16,33.43,64.07,6.14,0.64
2024,5,7,6.3,32.48,67.03,5.16,2.35
2024,5,8,4.21,31.53,67.79,3.26,4.73
2024,5,9,6.16,31.37,67.06,3.94,0.83
2024,5,10,6.77,31.75,65.08,4.3,0.98
2024,5,11,6.78,31.72,66.29,4.25,0.31
2024,5,12,6.57,31.54,65.15,3.72,0.41
2024,5,13,6.34,31.32,65.51,3.27,0.64
2024,5,14,6.08,31.12,65.17,2.73,0.59
2024,5,15,5.06,31.48,63.61,3.42,0.4
2024,5,16,1.44,28.92,76.75,2.94,7.7
2024,5,17,4.57,29.78,70.49,3.15,2.99
2024,5,18,6.59,30.2,72.19,3.06,1.74
2024,5,19,6.36,30.71,70.55,2.5,2.76
2024,5,20,5.8,30.12,74.04,2.75,4.13
2024,5,21,4.8,30.2,74.55,2.62,1.98
2024,5,22,6.02,30.97,70.72,2.95,0.73
2024,5,23,6.67,31.09,71.27,2.75,0.34
2024,5,24,5.97,31.75,67.1,3.78,0.03
2024,5,25,2.84,31.53,64.34,4.92,1.18
2024,5,26,4.25,33.33,56.5,3.69,0.05
2024,5,27,4.81,34.14,54.07,4.19,0.01
2024,5,28,5.65,33.79,53.24,3.75,0.01
2024,5,29,5.38,34.6,49.91,3.47,0.01
2024,5,30,6.12,34.53,54.25,3.46,0.26
2024,5,31,6.19,34.06,58.58,4,0.29
2024,6,1,5.95,33.33,65.18,3.02,6.81
2024,6,2,5.64,29.65,74.94,3.04,12.36
2024,6,3,2.74,29.58,73.79,2.61,1.7
2024,6,4,5.56,30.56,75.36,3.47,5.73
2024,6,5,5.04,29.74,81.18,3.09,22.77
2024,6,6,4.22,28.47,85.94,3.46,13.65
2024,6,7,4.23,28.78,77.28,4.17,11.92
2024,6,8,4.76,30.3,72.86,5.45,4.97
2024,6,9,5.07,29.9,73.69,5.17,2.93
2024,6,10,6.21,30.54,66.07,5.85,1.81
2024,6,11,4.96,29.07,66.51,4.81,4.55
2024,6,12,3.17,28.93,69.65,4.82,6.39
2024,6,13,5.7,30.14,65.37,4.03,1.3
2024,6,14,5.66,29.67,61.42,4.83,0.07
2024,6,15,3.16,30.09,62.99,3.62,0.96
2024,6,16,6.24,30.79,68.94,3.45,6.97
2024,6,17,6.36,29.86,72.78,3.18,13.08
2024,6,18,5.43,29.65,73.75,3.79,36.01
2024,6,19,5.84,28.99,75.37,3.33,5.54
2024,6,20,5.95,29.83,72.24,4,2.52
2024,6,21,5.86,29.72,69.58,5.59,4.92
2024,6,22,5.34,30.01,68.53,4.97,3.38
2024,6,23,6.43,29.25,74.27,4.37,2.96
2024,6,24,5.38,29.67,72.8,4.7,1.01
2024,6,25,5.97,29.23,67.57,5.92,0.63
2024,6,26,2.93,28.91,65.4,6.31,0.66
2024,6,27,2.77,28.09,67.12,4.6,0.07
2024,6,28,5.59,29.3,63.67,4.25,0
2024,6,29,4.6,29.76,64.76,4.65,0.04
2024,6,30,1.95,29.05,73.1,5,17.07
2024,7,1,2.89,29.29,72.12,5.46,2.41
2024,7,2,6.1,30.42,64.9,4.52,0.89
2024,7,3,5.85,29.93,72.07,3.63,19.5
2024,7,4,4.25,30.04,73.88,3.39,2.61
2024,7,5,5.78,29.45,75.22,3.31,22.96
2024,7,6,3.05,28.28,76.22,4.32,9.82
2024,7,7,5.19,28.85,74.79,3.2,11.48
2024,7,8,4.81,29.3,73.46,3.43,2.77
2024,7,9,4.32,28.35,77.08,3.7,3.48
2024,7,10,6.27,28.81,76.83,3.95,4.31
2024,7,11,2.97,28.65,75.74,3.97,17.07
2024,7,12,6.43,28.79,76.31,3.89,29.31
2024,7,13,3.21,28.81,73.49,3.58,8.48
2024,7,14,2.22,28.79,74.02,5.83,7.89
2024,7,15,2.74,27.74,80.34,5.56,5.31
2024,7,16,3.87,28.61,78.81,6.31,1.88
2024,7,17,3.96,28.87,73.91,6.35,1.21
2024,7,18,2.71,28.36,76.66,6.32,4.56
2024,7,19,3.24,28.4,74.5,6.68,0.46
2024,7,20,3.38,29.03,74,5.52,0.36
2024,7,21,4.36,29.88,71,5.82,0.18
2024,7,22,4,29.76,70.01,5.65,0.02
2024,7,23,5.55,29.69,67.65,5.56,0.66
2024,7,24,5.05,29.28,69.45,5.4,0.27
2024,7,25,5.11,29.53,69.27,5.99,0.05
2024,7,26,4.32,29.73,67.69,6.3,0.47
2024,7,27,4.44,30.47,63.94,6.71,0.02
2024,7,28,4.65,30.16,65.5,5.84,0.01
2024,7,29,4.8,30.07,69.7,5.12,1.08
2024,7,30,5.18,29.47,72.67,4.71,3.44
2024,7,31,5.5,29.7,72.79,3.7,0.93
2024,8,1,4.26,30.32,71.42,3.21,1.33
2024,8,2,3.25,29.87,69.3,4.4,3.04
2024,8,3,6.07,29.53,71.76,3.06,4.58
2024,8,4,6.2,28.79,77.17,3.19,14.82
2024,8,5,2.49,28.59,77.07,3.16,15.59
2024,8,6,5.56,27.85,83.47,2.78,25.91
2024,8,7,2.18,27.62,83.01,2.44,9.33
2024,8,8,5.51,28.45,80.87,3.01,12.35
2024,8,9,6.23,28.82,79.72,3.1,10.74
2024,8,10,5.07,28.92,81.53,2.69,11.65
2024,8,11,6.28,29.06,81.33,2.11,19.28
2024,8,12,6.08,29.06,83.85,2.58,16.13
2024,8,13,6.12,29.07,82.64,2.43,0.35
2024,8,14,6.4,28.85,83.68,2.91,0.63
2024,8,15,5.95,28.86,82.27,2.95,0.6
2024,8,16,5.15,28.96,83.2,3.91,0.24
2024,8,17,6.03,28.64,86.35,2.28,0.94
2024,8,18,6.25,28.71,85.42,2.27,1.34
2024,8,19,4.11,28.92,84.86,3.9,0.21
2024,8,20,5.65,28.62,85.41,4.06,1.12
2024,8,21,6.34,28.59,81.24,6.79,0.49
2024,8,22,5.87,28.01,81.11,5.23,0.04
2024,8,23,5.9,28.69,79.15,4.79,0.03
2024,8,24,4.95,28.62,79.36,4.97,0.06
2024,8,25,5.87,28.7,77.48,4.69,0.05
2024,8,26,5.78,28.92,77.31,5.02,0.05
2024,8,27,3.42,28.65,76.36,3.11,2.37
2024,8,28,1.49,28.09,78.39,2.67,1.33
2024,8,29,1.8,28.07,79.48,3.73,1.95
2024,8,30,2.07,27.91,83.13,3.82,12.54
2024,8,31,2.41,27.7,76.29,5.66,4.11
2024,9,1,4.79,28.48,73.65,5.18,0.87
2024,9,2,5.55,28.42,77.05,3.93,8.19
2024,9,3,3.24,28.64,77.75,2.49,5.58
2024,9,4,2.54,28.76,80.19,3.44,1.23
2024,9,5,3.36,28.51,79.38,3.54,3.24
2024,9,6,3.39,28.21,81.4,3.75,3.45
2024,9,7,2.89,28.29,79.81,3.76,0.82
2024,9,8,2.48,28.71,76.4,4.13,0.16
2024,9,9,3.13,28.52,77.46,4.34,0.95
2024,9,10,6.12,28.91,77.27,4.8,0.04
2024,9,11,5.44,28.77,75.81,3.97,0.04
2024,9,12,6.23,29.1,73.28,3.2,0.01
2024,9,13,6.12,29.73,70.78,2.34,0.01
2024,9,14,6.02,29.85,69.48,2.74,0.02
2024,9,15,6.24,29.8,68.51,3.59,0.01
2024,9,16,6.25,29.93,67.6,4.13,0.01
2024,9,17,6.33,30.24,67.92,3.57,0.14
2024,9,18,5.85,29.75,73.11,3.46,4.48
2024,9,19,3.53,29.73,72.38,2.88,0.56
2024,9,20,5.93,29.08,75.14,2.91,1.55
2024,9,21,2.57,29.75,67.62,1.63,5.32
2024,9,22,2.56,30.01,70.61,3.4,2.59
2024,9,23,4.66,29.2,76.86,2.6,6.34
2024,9,24,3.95,28.53,82.71,3.16,19.09
2024,9,25,4.68,28.14,83.51,2.81,23.58
2024,9,26,2.61,28.53,79.77,2.58,4.18
2024,9,27,4.21,28.28,77.9,2.56,2.41
2024,9,28,5.88,27.94,81.87,2.21,3.84
2024,9,29,5.99,27.97,82.37,3,0.39
2024,9,30,6.08,28.39,79.7,2.72,0.21
2024,10,1,6.26,28.73,78.62,3.34,0.1
2024,10,2,6.32,29.5,78.02,4.21,1.93
2024,10,3,5.67,29.42,78.79,2.8,7.28
2024,10,4,5.72,28.44,80.7,2.3,4.02
2024,10,5,5.44,28.44,80.84,2.48,4.03
2024,10,6,5.53,28.09,80.09,1.34,1.16
2024,10,7,5.3,27.83,79.74,1.85,2.79
2024,10,8,5.99,27.76,81.35,2.07,5.44
2024,10,9,5.45,27.84,81.8,2.22,7.55
2024,10,10,2.37,27.75,81.75,1.95,7.17
2024,10,11,5.7,27.86,82.75,2.57,8.53
2024,10,12,5.24,27.59,85.6,2.42,6.25
2024,10,13,4.53,27.87,83.74,2.64,5.78
2024,10,14,2.26,27.1,87.72,4.11,43.95
2024,10,15,2.34,26.88,86.71,3.09,69.18
2024,10,16,2.18,27.02,86.95,2.58,42.95
2024,10,17,5.3,27.72,83.82,3.92,6.4
2024,10,18,5.18,28.16,78.81,2.45,11.4
2024,10,19,4.91,27.44,82.57,1.57,15.22
2024,10,20,5.52,27.53,84.62,1.64,4.84
2024,10,21,5.56,28.06,82.52,1.98,2.64
2024,10,22,5.76,28.03,81.95,1.53,1.8
2024,10,23,5.24,28.3,78.7,1.93,1.17
2024,10,24,3.46,28.32,77.11,1.61,0.63
2024,10,25,4.43,28.77,72.84,2.42,0.45
2024,10,26,5.49,28.25,71.29,2.97,0
2024,10,27,5.47,28.56,71.41,2.14,0.05
2024,10,28,5.1,29.05,73.78,1.72,0.21
2024,10,29,5.09,28.46,76.59,2.21,2.6
2024,10,30,3.44,27.49,84.93,2.55,16.49
2024,10,31,4.89,27.54,83.35,1.95,8.62
2024,11,1,4.74,27.25,84.74,1.97,4.86
2024,11,2,5.07,27.24,83.48,2.58,6.99
2024,11,3,5.59,26.85,84.75,2.83,4.73
2024,11,4,5.72,27.39,78.66,3.31,0.1
2024,11,5,5.46,27.14,77.86,4.01,0.34
2024,11,6,2.71,26.88,85.08,5.31,9.46
2024,11,7,4.41,27.46,85.02,5.13,12.07
2024,11,8,5.3,27.45,81.44,4.78,1.3
2024,11,9,5.03,27.15,79.39,4.87,0.71
2024,11,10,5.38,26.97,78.44,5.25,0.21
2024,11,11,2.66,26.71,79.57,5.74,4.45
2024,11,12,1.13,26,89.56,4.19,32.81
2024,11,13,2.32,26.86,88.95,4.12,21.94
2024,11,14,4.96,27.15,86.77,3.4,19.89
2024,11,15,4.39,26.95,87.81,3.51,14.61
2024,11,16,4.04,26.97,88.54,4.31,22.68
2024,11,17,4.5,26.65,83.19,4.96,2.12
2024,11,18,5.13,26.46,81.52,5.11,0.03
2024,11,19,5,25.89,81.47,5.3,0.02
2024,11,20,4.76,25.33,80.88,4.58,0.01
2024,11,21,4.85,25.17,80.14,4.73,0.01
2024,11,22,4.75,24.83,82.32,4.91,0.07
2024,11,23,3.86,25.76,85.16,4.64,1.37
2024,11,24,3.85,25.78,83.61,4.88,0.5
2024,11,25,2.36,25.47,84.26,5.82,2.11
2024,11,26,0.74,26.02,91.71,6.3,41.96
2024,11,27,1.83,25.47,86.7,8.31,2.84
2024,11,28,1.31,24.85,90.87,8.62,33.16
2024,11,29,0.91,26.41,92.11,8.33,13.71
2024,11,30,0.95,26.57,93.29,13.02,128.29
2024,12,1,2.11,26.63,92.89,9.83,26.52
2024,12,2,3.07,26.87,90.96,6.94,15.65
2024,12,3,4.23,26.69,87.36,3.94,3.13
2024,12,4,-999,26.47,89.4,2.93,9.92
2024,12,5,4.97,26.63,86.05,2.16,3.32
2024,12,6,4.95,26.1,87.42,2.17,1.01
2024,12,7,4.92,26.4,82.96,2.45,0.12
2024,12,8,4.73,26.13,82.18,2.47,0.03
2024,12,9,4.54,26.38,83.05,2.83,0.11
2024,12,10,3.37,26.37,83.97,4.9,0.17
2024,12,11,1.32,25.99,87.97,5.79,20.16
2024,12,12,1.78,26.07,90.69,5.6,79.36
2024,12,13,3.88,25.43,84.59,5.15,1.73
2024,12,14,4.37,24.6,82.29,5.05,0.64
2024,12,15,4.66,24.02,79.73,5.35,0.26
2024,12,16,4.88,23.5,80.4,5.37,4.15
2024,12,17,1.63,22.36,86.65,7.1,3.95
2024,12,18,1.34,24.25,90.2,5.69,9.15
2024,12,19,2.45,25.7,90.44,4.62,4.99
2024,12,20,2.03,26.26,88.48,4.12,1.4
2024,12,21,4.28,26.19,89.27,4.3,0.26
2024,12,22,4.33,25.17,88.55,4.76,0.08
2024,12,23,4.32,24.85,88.42,5.75,0.4
2024,12,24,2.24,24.96,90.49,6.38,4.83
2024,12,25,1.83,25.17,89.41,4.67,7.4
2024,12,26,3.71,25.94,89.08,4.96,11.98
2024,12,27,4.9,25.67,84.66,5.32,12.62
2024,12,28,4.82,25.21,82.48,4.2,0.23
2024,12,29,3.95,25.14,85.57,5.29,1.31
2024,12,30,4.64,25.49,85.18,5.34,1.47
2024,12,31,4.46,25.13,83.91,4.97,0
